Designator,Mid X,Mid Y,Layer,Rotation
C1,73.80,-64.14,T,0.00
C1,203.65,-64.14,T,0.00
C2,225.45,-73.80,T,180.00
C2,95.60,-73.80,T,180.00
C3,78.00,-61.34,T,90.00
C3,207.85,-61.34,T,90.00
C4,213.25,-67.00,T,90.00
C4,83.40,-67.00,T,90.00
C5,217.19,-58.62,T,90.00
C5,87.33,-58.62,T,90.00
C6,84.60,-67.00,T,90.00
C6,214.45,-67.00,T,90.00
C7,218.55,-72.40,T,180.00
C7,88.70,-72.40,T,180.00
C8,154.45,-57.60,T,180.00
C8,24.60,-57.60,T,180.00
C9,160.93,-63.49,T,270.00
C9,31.07,-63.49,T,270.00
C10,153.13,-59.99,T,90.00
C10,23.27,-59.99,T,90.00
C11,24.57,-60.49,T,90.00
C11,154.43,-60.49,T,90.00
C12,184.30,-79.30,T,0.00
C12,54.45,-79.30,T,0.00
C13,180.90,-81.60,T,270.00
C13,51.05,-81.60,T,270.00
C14,57.80,-71.30,T,180.00
C14,187.65,-71.30,T,180.00
C15,188.25,-72.70,T,180.00
C15,58.40,-72.70,T,180.00
C16,58.60,-80.20,T,180.00
C16,188.45,-80.20,T,180.00
C17,193.95,-80.90,T,270.00
C17,64.10,-80.90,T,270.00
C18,66.60,-79.60,T,0.00
C18,196.45,-79.60,T,0.00
C19,195.55,-75.70,T,270.00
C19,65.70,-75.70,T,270.00
C20,63.10,-80.92,T,270.00
C20,192.95,-80.92,T,270.00
C21,189.05,-81.30,T,180.00
C21,59.20,-81.30,T,180.00
C22,196.45,-78.60,T,0.00
C22,66.60,-78.60,T,0.00
C23,64.90,-84.00,T,270.00
C23,194.75,-84.00,T,270.00
C24,67.70,-75.70,T,0.00
C24,197.55,-75.70,T,0.00
C25,191.65,-83.00,T,270.00
C25,61.80,-83.00,T,270.00
C26,188.55,-82.60,T,180.00
C26,58.70,-82.60,T,180.00
C27,69.10,-79.70,T,270.00
C27,198.95,-79.70,T,270.00
C28,63.40,-84.00,T,270.00
C28,193.25,-84.00,T,270.00
C29,66.60,-80.60,T,0.00
C29,196.45,-80.60,T,0.00
C30,71.20,-79.30,T,0.00
C30,201.05,-79.30,T,0.00
C31,69.70,-76.72,T,90.00
C31,199.55,-76.72,T,90.00
C32,199.55,-74.68,T,90.00
C32,69.70,-74.68,T,90.00
C33,201.05,-72.10,T,180.00
C33,71.20,-72.10,T,180.00
C34,67.20,-82.00,T,0.00
C34,197.05,-82.00,T,0.00
C35,71.20,-78.30,T,0.00
C35,201.05,-78.30,T,0.00
C36,71.20,-77.20,T,0.00
C36,201.05,-77.20,T,0.00
C37,201.05,-74.20,T,0.00
C37,71.20,-74.20,T,0.00
C38,71.20,-73.10,T,0.00
C38,201.05,-73.10,T,0.00
C39,202.55,-76.72,T,90.00
C39,72.70,-76.72,T,90.00
C40,72.70,-74.68,T,90.00
C40,202.55,-74.68,T,90.00
C41,107.80,-72.00,T,0.00
C41,237.65,-72.00,T,0.00
C42,110.40,-75.00,T,90.00
C42,240.25,-75.00,T,90.00
C43,231.70,-68.30,T,180.00
C43,101.85,-68.30,T,180.00
C44,104.45,-65.86,T,270.00
C44,234.30,-65.86,T,270.00
C45,95.60,-72.40,T,180.00
C45,225.45,-72.40,T,180.00
D1,111.60,-59.00,T,270.00
D1,241.45,-59.00,T,270.00
D2,33.52,-63.00,T,0.00
D2,163.37,-63.00,T,0.00
D3,36.50,-63.00,T,0.00
D3,166.35,-63.00,T,0.00
D4,160.35,-66.50,T,0.00
D4,30.50,-66.50,T,0.00
D5,33.50,-66.50,T,0.00
D5,163.35,-66.50,T,0.00
D6,166.35,-66.50,T,0.00
D6,36.50,-66.50,T,0.00
D7,169.35,-66.50,T,0.00
D7,39.50,-66.50,T,0.00
D8,30.50,-69.50,T,0.00
D8,160.35,-69.50,T,0.00
D9,163.35,-69.50,T,0.00
D9,33.50,-69.50,T,0.00
D10,36.50,-69.50,T,0.00
D10,166.35,-69.50,T,0.00
D11,169.35,-69.50,T,0.00
D11,39.50,-69.50,T,0.00
D12,43.00,-69.50,T,0.00
D12,172.85,-69.50,T,0.00
D13,27.00,-73.00,T,0.00
D13,156.85,-73.00,T,0.00
D14,30.50,-73.00,T,0.00
D14,160.35,-73.00,T,0.00
D15,163.35,-73.00,T,0.00
D15,33.50,-73.00,T,0.00
D16,27.00,-76.00,T,0.00
D16,156.85,-76.00,T,0.00
D17,30.50,-76.00,T,0.00
D17,160.35,-76.00,T,0.00
D18,163.35,-76.00,T,0.00
D18,33.50,-76.00,T,0.00
D19,39.50,-76.00,T,0.00
D19,169.35,-76.00,T,0.00
D20,153.87,-79.50,T,0.00
D20,24.02,-79.50,T,0.00
D21,156.85,-79.50,T,0.00
D21,27.00,-79.50,T,0.00
D22,39.50,-79.50,T,0.00
D22,169.35,-79.50,T,0.00
D23,43.00,-79.50,T,0.00
D23,172.85,-79.50,T,0.00
D24,20.50,-82.97,T,0.00
D24,150.35,-82.97,T,0.00
D25,24.00,-83.00,T,0.00
D25,153.85,-83.00,T,0.00
D26,43.00,-83.00,T,0.00
D26,172.85,-83.00,T,0.00
D27,150.35,-86.50,T,0.00
D27,20.50,-86.50,T,0.00
D28,153.85,-86.50,T,0.00
D28,24.00,-86.50,T,0.00
D29,172.85,-86.50,T,0.00
D29,43.00,-86.50,T,0.00
D30,150.35,-89.50,T,0.00
D30,20.50,-89.50,T,0.00
D31,24.00,-89.50,T,0.00
D31,153.85,-89.50,T,0.00
D32,172.85,-89.50,T,0.00
D32,43.00,-89.50,T,0.00
D33,20.50,-92.50,T,0.00
D33,150.35,-92.50,T,0.00
D34,24.02,-92.50,T,0.00
D34,153.87,-92.50,T,0.00
D35,36.50,-76.00,T,0.00
D35,166.35,-76.00,T,0.00
D36,169.35,-92.50,T,0.00
D36,39.50,-92.50,T,0.00
D37,24.00,-95.50,T,0.00
D37,153.85,-95.50,T,0.00
D38,26.98,-95.50,T,0.00
D38,156.84,-95.50,T,0.00
D39,156.85,-99.00,T,0.00
D39,27.00,-99.00,T,0.00
D40,159.85,-99.00,T,0.00
D40,30.00,-99.00,T,0.00
D41,151.09,-36.28,T,90.00
D41,21.24,-36.28,T,90.00
D42,154.58,-33.79,T,135.00
D42,24.73,-33.79,T,135.00
D43,49.75,-51.73,T,270.00
D43,179.60,-51.73,T,270.00
D44,186.99,-42.27,T,180.00
D44,57.14,-42.27,T,180.00
D45,81.30,-30.27,T,0.00
D45,211.15,-30.27,T,0.00
D46,75.05,-46.00,T,135.00
D46,204.91,-46.00,T,135.00
D47,90.95,-54.27,T,180.00
D47,220.80,-54.27,T,180.00
D48,105.45,-44.77,T,90.00
D48,235.30,-44.77,T,90.00
D49,151.09,-32.80,T,90.00
D49,21.24,-32.80,T,90.00
D50,157.06,-36.27,T,135.00
D50,27.21,-36.27,T,135.00
D51,179.60,-48.25,T,270.00
D51,49.75,-48.25,T,270.00
D52,190.49,-42.27,T,180.00
D52,60.64,-42.27,T,180.00
D53,207.63,-30.27,T,0.00
D53,77.78,-30.27,T,0.00
D54,77.45,-48.27,T,135.00
D54,207.30,-48.27,T,135.00
D55,224.31,-54.27,T,180.00
D55,94.46,-54.27,T,180.00
D56,235.30,-48.25,T,90.00
D56,105.45,-48.25,T,90.00
D57,151.09,-39.80,T,90.00
D57,21.24,-39.80,T,90.00
D58,159.56,-38.76,T,135.00
D58,29.70,-38.76,T,135.00
D59,49.75,-44.74,T,270.00
D59,179.60,-44.74,T,270.00
D60,64.16,-42.27,T,180.00
D60,194.01,-42.27,T,180.00
D61,204.06,-30.27,T,0.00
D61,74.21,-30.27,T,0.00
D62,209.81,-50.77,T,135.00
D62,79.95,-50.77,T,135.00
D63,227.81,-54.27,T,180.00
D63,97.96,-54.27,T,180.00
D64,105.45,-51.77,T,90.00
D64,235.30,-51.77,T,90.00
D65,27.31,-30.27,T,0.00
D65,157.16,-30.27,T,0.00
D66,154.32,-45.79,T,135.00
D66,24.47,-45.79,T,135.00
D67,170.24,-54.27,T,180.00
D67,40.38,-54.27,T,180.00
D68,184.60,-44.77,T,90.00
D68,54.75,-44.77,T,90.00
D69,213.34,-39.77,T,270.00
D69,83.49,-39.77,T,270.00
D70,218.34,-32.79,T,90.00
D70,88.49,-32.79,T,90.00
D71,91.98,-33.80,T,135.00
D71,221.83,-33.80,T,135.00
D72,117.45,-51.73,T,270.00
D72,247.30,-51.73,T,270.00
D73,153.65,-30.27,T,0.00
D73,23.80,-30.27,T,0.00
D74,26.95,-48.27,T,135.00
D74,156.80,-48.27,T,135.00
D75,173.72,-54.27,T,180.00
D75,43.87,-54.27,T,180.00
D76,184.60,-48.25,T,90.00
D76,54.75,-48.25,T,90.00
D77,83.49,-36.27,T,270.00
D77,213.34,-36.27,T,270.00
D78,88.49,-36.25,T,90.00
D78,218.34,-36.25,T,90.00
D79,94.45,-36.27,T,135.00
D79,224.30,-36.27,T,135.00
D80,247.30,-48.25,T,270.00
D80,117.45,-48.25,T,270.00
D81,30.84,-30.27,T,0.00
D81,160.69,-30.27,T,0.00
D82,159.30,-50.76,T,135.00
D82,29.44,-50.76,T,135.00
D83,177.22,-54.27,T,180.00
D83,47.37,-54.27,T,180.00
D84,54.75,-51.77,T,90.00
D84,184.60,-51.77,T,90.00
D85,213.34,-32.76,T,270.00
D85,83.49,-32.76,T,270.00
D86,218.34,-39.79,T,90.00
D86,88.49,-39.79,T,90.00
D87,96.93,-38.75,T,135.00
D87,226.79,-38.75,T,135.00
D88,247.30,-44.74,T,270.00
D88,117.45,-44.74,T,270.00
D89,162.86,-36.25,T,270.00
D89,33.01,-36.25,T,270.00
D90,38.01,-32.76,T,90.00
D90,167.86,-32.76,T,90.00
D91,171.34,-33.81,T,135.00
D91,41.49,-33.81,T,135.00
D92,66.54,-51.73,T,270.00
D92,196.39,-51.73,T,270.00
D93,203.80,-42.27,T,180.00
D93,73.95,-42.27,T,180.00
D94,97.95,-30.27,T,0.00
D94,227.80,-30.27,T,0.00
D95,91.99,-45.81,T,135.00
D95,221.84,-45.81,T,135.00
D96,237.77,-54.27,T,180.00
D96,107.92,-54.27,T,180.00
D97,33.01,-32.74,T,270.00
D97,162.86,-32.74,T,270.00
D98,167.86,-36.24,T,90.00
D98,38.01,-36.24,T,90.00
D99,173.80,-36.27,T,135.00
D99,43.95,-36.27,T,135.00
D100,196.39,-48.25,T,270.00
D100,66.54,-48.25,T,270.00
D101,207.34,-42.27,T,180.00
D101,77.49,-42.27,T,180.00
D102,224.31,-30.27,T,0.00
D102,94.46,-30.27,T,0.00
D103,224.30,-48.27,T,135.00
D103,94.45,-48.27,T,135.00
D104,241.28,-54.27,T,180.00
D104,111.43,-54.27,T,180.00
D105,162.86,-39.74,T,270.00
D105,33.01,-39.74,T,270.00
D106,167.86,-39.76,T,90.00
D106,38.01,-39.76,T,90.00
D107,176.28,-38.74,T,135.00
D107,46.42,-38.74,T,135.00
D108,66.54,-44.74,T,270.00
D108,196.39,-44.74,T,270.00
D109,81.03,-42.27,T,180.00
D109,210.88,-42.27,T,180.00
D110,90.95,-30.27,T,0.00
D110,220.80,-30.27,T,0.00
D111,226.80,-50.76,T,135.00
D111,96.94,-50.76,T,135.00
D112,114.94,-54.27,T,180.00
D112,244.79,-54.27,T,180.00
D113,30.64,-42.27,T,180.00
D113,160.49,-42.27,T,180.00
D114,177.37,-30.27,T,0.00
D114,47.52,-30.27,T,0.00
D115,171.36,-45.80,T,135.00
D115,41.51,-45.80,T,135.00
D116,186.96,-54.27,T,180.00
D116,57.11,-54.27,T,180.00
D117,201.39,-44.76,T,90.00
D117,71.54,-44.76,T,90.00
D118,230.30,-39.76,T,270.00
D118,100.45,-39.76,T,270.00
D119,105.45,-32.79,T,90.00
D119,235.30,-32.79,T,90.00
D120,238.81,-33.78,T,135.00
D120,108.96,-33.78,T,135.00
D121,23.60,-42.27,T,180.00
D121,153.46,-42.27,T,180.00
D122,173.88,-30.27,T,0.00
D122,44.03,-30.27,T,0.00
D123,173.80,-48.27,T,135.00
D123,43.95,-48.27,T,135.00
D124,190.47,-54.27,T,180.00
D124,60.62,-54.27,T,180.00
D125,201.39,-48.25,T,90.00
D125,71.54,-48.25,T,90.00
D126,230.30,-36.27,T,270.00
D126,100.45,-36.27,T,270.00
D127,235.30,-36.27,T,90.00
D127,105.45,-36.27,T,90.00
D128,241.30,-36.27,T,135.00
D128,111.45,-36.27,T,135.00
D129,156.97,-42.27,T,180.00
D129,27.11,-42.27,T,180.00
D130,40.53,-30.27,T,0.00
D130,170.38,-30.27,T,0.00
D131,176.28,-50.74,T,135.00
D131,46.42,-50.74,T,135.00
D132,64.14,-54.27,T,180.00
D132,193.99,-54.27,T,180.00
D133,201.39,-51.75,T,90.00
D133,71.54,-51.75,T,90.00
D134,100.45,-32.76,T,270.00
D134,230.30,-32.76,T,270.00
D135,235.30,-39.79,T,90.00
D135,105.45,-39.79,T,90.00
D136,243.79,-38.76,T,135.00
D136,113.94,-38.76,T,135.00
D137,151.09,-44.77,T,90.00
D137,21.24,-44.77,T,90.00
D138,49.75,-39.76,T,270.00
D138,179.60,-39.76,T,270.00
D139,54.75,-32.79,T,90.00
D139,184.60,-32.79,T,90.00
D140,188.08,-33.79,T,135.00
D140,58.22,-33.79,T,135.00
D141,83.49,-51.73,T,270.00
D141,213.34,-51.73,T,270.00
D142,220.83,-42.27,T,180.00
D142,90.98,-42.27,T,180.00
D143,114.99,-30.27,T,0.00
D143,244.84,-30.27,T,0.00
D144,238.82,-45.79,T,135.00
D144,108.97,-45.79,T,135.00
D145,21.24,-48.25,T,90.00
D145,151.09,-48.25,T,90.00
D146,49.75,-36.27,T,270.00
D146,179.60,-36.27,T,270.00
D147,54.75,-36.27,T,90.00
D147,184.60,-36.27,T,90.00
D148,190.55,-36.27,T,135.00
D148,60.70,-36.27,T,135.00
D149,213.34,-48.25,T,270.00
D149,83.49,-48.25,T,270.00
D150,224.32,-42.27,T,180.00
D150,94.47,-42.27,T,180.00
D151,241.33,-30.27,T,0.00
D151,111.48,-30.27,T,0.00
D152,241.30,-48.27,T,135.00
D152,111.45,-48.27,T,135.00
D153,151.09,-51.76,T,90.00
D153,21.24,-51.76,T,90.00
D154,179.60,-32.76,T,270.00
D154,49.75,-32.76,T,270.00
D155,184.60,-39.80,T,90.00
D155,54.75,-39.80,T,90.00
D156,63.19,-38.76,T,135.00
D156,193.04,-38.76,T,135.00
D157,83.49,-44.74,T,270.00
D157,213.34,-44.74,T,270.00
D158,97.98,-42.27,T,180.00
D158,227.83,-42.27,T,180.00
D159,107.96,-30.27,T,0.00
D159,237.81,-30.27,T,0.00
D160,113.94,-50.76,T,135.00
D160,243.79,-50.76,T,135.00
D161,33.01,-51.75,T,270.00
D161,162.86,-51.75,T,270.00
D162,40.41,-42.27,T,180.00
D162,170.26,-42.27,T,180.00
D163,64.29,-30.27,T,0.00
D163,194.14,-30.27,T,0.00
D164,58.45,-46.00,T,135.00
D164,188.31,-46.00,T,135.00
D165,73.93,-54.27,T,180.00
D165,203.78,-54.27,T,180.00
D166,88.49,-44.77,T,90.00
D166,218.34,-44.77,T,90.00
D167,247.30,-39.76,T,270.00
D167,117.45,-39.76,T,270.00
D168,162.86,-48.26,T,270.00
D168,33.01,-48.26,T,270.00
D169,43.89,-42.27,T,180.00
D169,173.75,-42.27,T,180.00
D170,190.64,-30.27,T,0.00
D170,60.79,-30.27,T,0.00
D171,60.70,-48.27,T,135.00
D171,190.55,-48.27,T,135.00
D172,207.31,-54.27,T,180.00
D172,77.46,-54.27,T,180.00
D173,218.34,-48.25,T,90.00
D173,88.49,-48.25,T,90.00
D174,247.30,-36.27,T,270.00
D174,117.45,-36.27,T,270.00
D175,33.01,-44.75,T,270.00
D175,162.86,-44.75,T,270.00
D176,177.26,-42.27,T,180.00
D176,47.41,-42.27,T,180.00
D177,187.12,-30.27,T,0.00
D177,57.27,-30.27,T,0.00
D178,63.19,-50.76,T,135.00
D178,193.04,-50.76,T,135.00
D179,81.00,-54.27,T,180.00
D179,210.85,-54.27,T,180.00
D180,218.34,-51.77,T,90.00
D180,88.49,-51.77,T,90.00
D181,117.45,-32.76,T,270.00
D181,247.30,-32.76,T,270.00
D182,23.58,-54.27,T,180.00
D182,153.43,-54.27,T,180.00
D183,38.01,-44.78,T,90.00
D183,167.86,-44.78,T,90.00
D184,196.39,-39.76,T,270.00
D184,66.54,-39.76,T,270.00
D185,201.39,-32.79,T,90.00
D185,71.54,-32.79,T,90.00
D186,74.95,-33.77,T,135.00
D186,204.80,-33.77,T,135.00
D187,230.30,-51.73,T,270.00
D187,100.45,-51.73,T,270.00
D188,107.94,-42.27,T,180.00
D188,237.79,-42.27,T,180.00
D189,27.09,-54.27,T,180.00
D189,156.94,-54.27,T,180.00
D190,38.01,-48.25,T,90.00
D190,167.86,-48.25,T,90.00
D191,196.39,-36.27,T,270.00
D191,66.54,-36.27,T,270.00
D192,201.39,-36.27,T,90.00
D192,71.54,-36.27,T,90.00
D193,207.30,-36.27,T,135.00
D193,77.45,-36.27,T,135.00
D194,230.30,-48.25,T,270.00
D194,100.45,-48.25,T,270.00
D195,111.45,-42.27,T,180.00
D195,241.30,-42.27,T,180.00
D196,30.61,-54.27,T,180.00
D196,160.47,-54.27,T,180.00
D197,167.86,-51.76,T,90.00
D197,38.01,-51.76,T,90.00
D198,196.39,-32.76,T,270.00
D198,66.54,-32.76,T,270.00
D199,201.39,-39.79,T,90.00
D199,71.54,-39.79,T,90.00
D200,209.81,-38.77,T,135.00
D200,79.95,-38.77,T,135.00
D201,230.30,-44.74,T,270.00
D201,100.45,-44.74,T,270.00
D202,244.82,-42.27,T,180.00
D202,114.97,-42.27,T,180.00
D203,43.00,-61.00,T,0.00
D203,172.85,-61.00,T,0.00
D204,241.05,-67.60,T,180.00
D204,111.20,-67.60,T,180.00
D205,111.60,-63.60,T,270.00
D205,241.45,-63.60,T,270.00
D206,237.05,-65.20,T,270.00
D206,107.20,-65.20,T,270.00
D207,190.85,-86.40,T,0.00
D207,61.00,-86.40,T,0.00
D208,181.65,-86.40,T,0.00
D208,51.80,-86.40,T,0.00
D209,250.85,-41.20,T,90.00
D209,121.00,-41.20,T,90.00
D210,250.85,-45.00,T,90.00
D210,121.00,-45.00,T,90.00
D211,121.00,-37.20,T,90.00
D211,250.85,-37.20,T,90.00
D212,241.05,-70.00,T,0.00
D212,111.20,-70.00,T,0.00
D213,250.85,-33.60,T,90.00
D213,121.00,-33.60,T,90.00
D214,121.00,-29.80,T,90.00
D214,250.85,-29.80,T,90.00
H3,30.00,-24.00,T,0.00
H3,159.85,-24.00,T,0.00
H4,109.00,-24.00,T,0.00
H4,238.85,-24.00,T,0.00
H5,33.00,-105.00,T,0.00
H5,162.85,-105.00,T,0.00
H6,231.85,-73.70,T,0.00
H6,102.00,-73.70,T,0.00
J1,249.78,-63.50,T,90.00
J1,119.92,-63.50,T,90.00
L1,68.00,-77.20,T,0.00
L1,197.85,-77.20,T,0.00
L2,197.85,-74.20,T,0.00
L2,68.00,-74.20,T,0.00
Q1,113.94,-74.80,T,180.00
Q1,243.79,-74.80,T,180.00
R1,71.60,-63.74,T,90.00
R1,201.45,-63.74,T,90.00
R3,75.00,-59.15,T,0.00
R3,204.85,-59.15,T,0.00
R4,206.65,-64.14,T,0.00
R4,76.80,-64.14,T,0.00
R5,213.25,-61.00,T,0.00
R5,83.40,-61.00,T,0.00
R6,85.40,-56.20,T,270.00
R6,215.25,-56.20,T,270.00
R7,85.40,-58.11,T,90.00
R7,215.25,-58.11,T,90.00
R8,22.80,-65.58,T,270.00
R8,152.65,-65.58,T,270.00
R9,114.00,-60.60,T,90.00
R9,243.85,-60.60,T,90.00
R10,243.85,-64.80,T,270.00
R10,114.00,-64.80,T,270.00
R11,52.55,-75.41,T,90.00
R11,182.41,-75.41,T,90.00
R12,149.59,-36.28,T,270.00
R12,19.74,-36.28,T,270.00
R13,23.67,-34.85,T,315.00
R13,153.52,-34.85,T,315.00
R14,181.10,-51.73,T,90.00
R14,51.25,-51.73,T,90.00
R15,186.99,-43.70,T,0.00
R15,57.14,-43.70,T,0.00
R16,81.30,-28.77,T,180.00
R16,211.15,-28.77,T,180.00
R17,73.90,-46.84,T,315.00
R17,203.75,-46.84,T,315.00
R18,90.96,-55.77,T,0.00
R18,220.81,-55.77,T,0.00
R19,233.80,-44.77,T,270.00
R19,103.95,-44.77,T,270.00
R20,149.59,-32.80,T,270.00
R20,19.74,-32.80,T,270.00
R21,26.15,-37.33,T,315.00
R21,156.00,-37.33,T,315.00
R22,51.25,-48.25,T,90.00
R22,181.10,-48.25,T,90.00
R23,190.49,-43.77,T,0.00
R23,60.64,-43.77,T,0.00
R24,77.76,-28.77,T,180.00
R24,207.61,-28.77,T,180.00
R25,206.24,-49.33,T,315.00
R25,76.39,-49.33,T,315.00
R26,224.31,-55.77,T,0.00
R26,94.46,-55.77,T,0.00
R27,103.95,-48.25,T,270.00
R27,233.80,-48.25,T,270.00
R28,149.59,-39.80,T,270.00
R28,19.74,-39.80,T,270.00
R29,28.64,-39.82,T,315.00
R29,158.50,-39.82,T,315.00
R30,181.10,-44.74,T,90.00
R30,51.25,-44.74,T,90.00
R31,194.02,-43.77,T,0.00
R31,64.17,-43.77,T,0.00
R32,204.06,-28.77,T,180.00
R32,74.21,-28.77,T,180.00
R33,78.89,-51.83,T,315.00
R33,208.75,-51.83,T,315.00
R34,97.97,-55.77,T,0.00
R34,227.82,-55.77,T,0.00
R35,103.95,-51.76,T,270.00
R35,233.80,-51.76,T,270.00
R36,27.31,-28.77,T,180.00
R36,157.16,-28.77,T,180.00
R37,153.26,-46.85,T,315.00
R37,23.41,-46.85,T,315.00
R38,170.24,-55.77,T,0.00
R38,40.38,-55.77,T,0.00
R39,53.25,-44.77,T,270.00
R39,183.10,-44.77,T,270.00
R40,214.84,-39.76,T,90.00
R40,84.99,-39.76,T,90.00
R41,86.99,-32.79,T,270.00
R41,216.84,-32.79,T,270.00
R42,220.78,-34.87,T,315.00
R42,90.93,-34.87,T,315.00
R43,248.80,-51.73,T,90.00
R43,118.95,-51.73,T,90.00
R44,153.64,-28.77,T,180.00
R44,23.79,-28.77,T,180.00
R45,25.89,-49.33,T,315.00
R45,155.74,-49.33,T,315.00
R46,43.87,-55.77,T,0.00
R46,173.72,-55.77,T,0.00
R47,183.10,-48.25,T,270.00
R47,53.25,-48.25,T,270.00
R48,84.99,-36.27,T,90.00
R48,214.84,-36.27,T,90.00
R49,86.99,-36.27,T,270.00
R49,216.84,-36.27,T,270.00
R50,223.24,-37.33,T,315.00
R50,93.39,-37.33,T,315.00
R51,248.80,-48.24,T,90.00
R51,118.95,-48.24,T,90.00
R52,160.67,-28.77,T,180.00
R52,30.82,-28.77,T,180.00
R53,28.38,-51.82,T,315.00
R53,158.24,-51.82,T,315.00
R54,177.22,-55.77,T,0.00
R54,47.37,-55.77,T,0.00
R55,183.10,-51.77,T,270.00
R55,53.25,-51.77,T,270.00
R56,84.99,-32.76,T,90.00
R56,214.84,-32.76,T,90.00
R57,86.99,-39.80,T,270.00
R57,216.84,-39.80,T,270.00
R58,95.87,-39.81,T,315.00
R58,225.72,-39.81,T,315.00
R59,248.80,-44.74,T,90.00
R59,118.95,-44.74,T,90.00
R60,34.51,-36.25,T,90.00
R60,164.36,-36.25,T,90.00
R61,36.51,-32.77,T,270.00
R61,166.36,-32.77,T,270.00
R62,40.43,-34.87,T,315.00
R62,170.29,-34.87,T,315.00
R63,197.89,-51.73,T,90.00
R63,68.04,-51.73,T,90.00
R64,73.95,-43.70,T,0.00
R64,203.81,-43.70,T,0.00
R65,97.95,-28.77,T,180.00
R65,227.80,-28.77,T,180.00
R66,90.93,-46.87,T,315.00
R66,220.78,-46.87,T,315.00
R67,107.92,-55.77,T,0.00
R67,237.77,-55.77,T,0.00
R68,164.36,-32.74,T,90.00
R68,34.51,-32.74,T,90.00
R69,36.51,-36.24,T,270.00
R69,166.36,-36.24,T,270.00
R70,172.74,-37.33,T,315.00
R70,42.89,-37.33,T,315.00
R71,68.04,-48.24,T,90.00
R71,197.89,-48.24,T,90.00
R72,207.34,-43.77,T,0.00
R72,77.49,-43.77,T,0.00
R73,94.46,-28.77,T,180.00
R73,224.31,-28.77,T,180.00
R74,223.25,-49.34,T,315.00
R74,93.40,-49.34,T,315.00
R75,241.28,-55.77,T,0.00
R75,111.43,-55.77,T,0.00
R76,164.36,-39.74,T,90.00
R76,34.51,-39.74,T,90.00
R77,36.51,-39.76,T,270.00
R77,166.36,-39.76,T,270.00
R78,45.37,-39.81,T,315.00
R78,175.22,-39.81,T,315.00
R79,197.89,-44.74,T,90.00
R79,68.04,-44.74,T,90.00
R80,210.89,-43.77,T,0.00
R80,81.04,-43.77,T,0.00
R81,90.95,-28.77,T,180.00
R81,220.80,-28.77,T,180.00
R82,95.88,-51.82,T,315.00
R82,225.74,-51.82,T,315.00
R83,114.94,-55.77,T,0.00
R83,244.79,-55.77,T,0.00
R84,160.51,-43.77,T,0.00
R84,30.65,-43.77,T,0.00
R85,177.36,-28.77,T,180.00
R85,47.51,-28.77,T,180.00
R86,170.29,-46.88,T,315.00
R86,40.44,-46.88,T,315.00
R87,57.11,-55.77,T,0.00
R87,186.96,-55.77,T,0.00
R88,199.89,-44.78,T,270.00
R88,70.04,-44.78,T,270.00
R89,231.80,-39.76,T,90.00
R89,101.95,-39.76,T,90.00
R90,233.80,-32.79,T,270.00
R90,103.95,-32.79,T,270.00
R91,107.91,-34.85,T,315.00
R91,237.76,-34.85,T,315.00
R92,153.47,-43.60,T,0.00
R92,23.62,-43.60,T,0.00
R93,44.03,-28.77,T,180.00
R93,173.88,-28.77,T,180.00
R94,42.90,-49.34,T,315.00
R94,172.75,-49.34,T,315.00
R95,190.47,-55.77,T,0.00
R95,60.62,-55.77,T,0.00
R96,70.04,-48.25,T,270.00
R96,199.89,-48.25,T,270.00
R97,101.95,-36.27,T,90.00
R97,231.80,-36.27,T,90.00
R98,103.95,-36.27,T,270.00
R98,233.80,-36.27,T,270.00
R99,240.24,-37.33,T,315.00
R99,110.39,-37.33,T,315.00
R100,156.98,-43.77,T,0.00
R100,27.13,-43.77,T,0.00
R101,40.52,-28.77,T,180.00
R101,170.37,-28.77,T,180.00
R102,175.23,-51.82,T,315.00
R102,45.37,-51.82,T,315.00
R103,193.99,-55.77,T,0.00
R103,64.14,-55.77,T,0.00
R104,199.89,-51.77,T,270.00
R104,70.04,-51.77,T,270.00
R105,231.80,-32.76,T,90.00
R105,101.95,-32.76,T,90.00
R106,103.95,-39.79,T,270.00
R106,233.80,-39.79,T,270.00
R107,242.73,-39.82,T,315.00
R107,112.87,-39.82,T,315.00
R108,149.59,-44.77,T,270.00
R108,19.74,-44.77,T,270.00
R109,181.10,-39.76,T,90.00
R109,51.25,-39.76,T,90.00
R110,183.10,-32.79,T,270.00
R110,53.25,-32.79,T,270.00
R111,57.16,-34.85,T,315.00
R111,187.01,-34.85,T,315.00
R112,214.84,-51.73,T,90.00
R112,84.99,-51.73,T,90.00
R113,220.83,-43.77,T,0.00
R113,90.98,-43.77,T,0.00
R114,244.84,-28.77,T,180.00
R114,114.99,-28.77,T,180.00
R115,107.91,-46.85,T,315.00
R115,237.76,-46.85,T,315.00
R116,149.59,-48.25,T,270.00
R116,19.74,-48.25,T,270.00
R117,51.25,-36.26,T,90.00
R117,181.10,-36.26,T,90.00
R118,53.25,-36.27,T,270.00
R118,183.10,-36.27,T,270.00
R119,59.64,-37.33,T,315.00
R119,189.49,-37.33,T,315.00
R120,214.84,-48.25,T,90.00
R120,84.99,-48.25,T,90.00
R121,94.47,-43.77,T,0.00
R121,224.32,-43.77,T,0.00
R122,241.33,-28.77,T,180.00
R122,111.48,-28.77,T,180.00
R123,240.24,-49.32,T,315.00
R123,110.38,-49.32,T,315.00
R124,149.59,-51.76,T,270.00
R124,19.74,-51.76,T,270.00
R125,181.10,-32.76,T,90.00
R125,51.25,-32.76,T,90.00
R126,53.25,-39.80,T,270.00
R126,183.10,-39.80,T,270.00
R127,62.13,-39.82,T,315.00
R127,191.98,-39.82,T,315.00
R128,84.99,-44.74,T,90.00
R128,214.84,-44.74,T,90.00
R129,97.98,-43.77,T,0.00
R129,227.83,-43.77,T,0.00
R130,107.96,-28.77,T,180.00
R130,237.81,-28.77,T,180.00
R131,242.73,-51.82,T,315.00
R131,112.87,-51.82,T,315.00
R132,34.51,-51.75,T,90.00
R132,164.36,-51.75,T,90.00
R133,170.26,-43.60,T,0.00
R133,40.41,-43.60,T,0.00
R134,194.14,-28.77,T,180.00
R134,64.29,-28.77,T,180.00
R135,57.16,-46.85,T,315.00
R135,187.01,-46.85,T,315.00
R136,73.93,-55.77,T,0.00
R136,203.78,-55.77,T,0.00
R137,86.99,-44.77,T,270.00
R137,216.84,-44.77,T,270.00
R138,118.95,-39.76,T,90.00
R138,248.80,-39.76,T,90.00
R139,164.36,-48.26,T,90.00
R139,34.51,-48.26,T,90.00
R140,43.90,-43.77,T,0.00
R140,173.76,-43.77,T,0.00
R141,190.64,-28.77,T,180.00
R141,60.79,-28.77,T,180.00
R142,189.49,-49.33,T,315.00
R142,59.64,-49.33,T,315.00
R143,207.31,-55.77,T,0.00
R143,77.46,-55.77,T,0.00
R144,216.84,-48.25,T,270.00
R144,86.99,-48.25,T,270.00
R145,118.95,-36.27,T,90.00
R145,248.80,-36.27,T,90.00
R146,164.36,-44.75,T,90.00
R146,34.51,-44.75,T,90.00
R147,177.25,-43.77,T,0.00
R147,47.39,-43.77,T,0.00
R148,57.27,-28.77,T,180.00
R148,187.12,-28.77,T,180.00
R149,191.98,-51.82,T,315.00
R149,62.13,-51.82,T,315.00
R150,210.86,-55.77,T,0.00
R150,81.01,-55.77,T,0.00
R151,86.99,-51.77,T,270.00
R151,216.84,-51.77,T,270.00
R152,248.80,-32.76,T,90.00
R152,118.95,-32.76,T,90.00
R153,23.58,-55.77,T,0.00
R153,153.43,-55.77,T,0.00
R154,166.36,-44.78,T,270.00
R154,36.51,-44.78,T,270.00
R155,197.89,-39.76,T,90.00
R155,68.04,-39.76,T,90.00
R156,70.04,-32.80,T,270.00
R156,199.89,-32.80,T,270.00
R157,203.74,-34.83,T,315.00
R157,73.89,-34.83,T,315.00
R158,231.80,-51.73,T,90.00
R158,101.95,-51.73,T,90.00
R159,237.79,-43.60,T,0.00
R159,107.94,-43.60,T,0.00
R160,156.94,-55.77,T,0.00
R160,27.09,-55.77,T,0.00
R161,36.51,-48.25,T,270.00
R161,166.36,-48.25,T,270.00
R162,68.04,-36.27,T,90.00
R162,197.89,-36.27,T,90.00
R163,199.89,-36.27,T,270.00
R163,70.04,-36.27,T,270.00
R164,76.39,-37.33,T,315.00
R164,206.24,-37.33,T,315.00
R165,101.95,-48.25,T,90.00
R165,231.80,-48.25,T,90.00
R166,241.30,-43.77,T,0.00
R166,111.45,-43.77,T,0.00
R167,160.47,-55.77,T,0.00
R167,30.61,-55.77,T,0.00
R168,166.36,-51.76,T,270.00
R168,36.51,-51.76,T,270.00
R169,68.04,-32.76,T,90.00
R169,197.89,-32.76,T,90.00
R170,70.04,-39.79,T,270.00
R170,199.89,-39.79,T,270.00
R171,78.89,-39.83,T,315.00
R171,208.75,-39.83,T,315.00
R172,101.95,-44.74,T,90.00
R172,231.80,-44.74,T,90.00
R173,244.82,-43.77,T,0.00
R173,114.97,-43.77,T,0.00
R175,74.20,-77.20,T,0.00
R175,204.05,-77.20,T,0.00
R176,204.05,-74.20,T,0.00
R176,74.20,-74.20,T,0.00
R177,78.60,-62.95,T,0.00
R177,208.45,-62.95,T,0.00
R178,113.20,-72.00,T,0.00
R178,243.05,-72.00,T,0.00
R179,71.60,-61.74,T,270.00
R179,201.45,-61.74,T,270.00
R180,201.45,-59.74,T,270.00
R180,71.60,-59.74,T,270.00
R181,153.85,-65.60,T,90.00
R181,24.00,-65.60,T,90.00
R182,25.00,-65.60,T,270.00
R182,154.85,-65.60,T,270.00
R183,192.85,-72.40,T,180.00
R183,63.00,-72.40,T,180.00
S1,249.85,-73.50,T,90.00
S1,120.00,-73.50,T,90.00
S2,53.00,-93.00,T,90.00
S2,182.85,-93.00,T,90.00
S3,192.85,-93.00,T,90.00
S3,63.00,-93.00,T,90.00
U1,204.25,-61.74,T,0.00
U1,74.40,-61.74,T,0.00
U2,221.85,-65.00,T,270.00
U2,92.00,-65.00,T,270.00
U3,157.65,-61.96,T,270.00
U3,27.80,-61.96,T,270.00
U4,61.30,-76.45,T,90.00
U4,191.15,-76.45,T,90.00
U5,107.80,-74.80,T,90.00
U5,237.65,-74.80,T,90.00
U6,231.70,-65.50,T,270.00
U6,101.85,-65.50,T,270.00
Y1,183.70,-81.65,T,180.00
Y1,53.85,-81.65,T,180.00
